"Rank","Domain","Keywords in SERPs","Estimated organic traffic"
"1","youtube.com","406314379","22524042128.468952"
"2","facebook.com","282938147","11220008410.376194"
"3","wikipedia.org","253976519","40218047906.88248"
"4","reddit.com","200607134","3871376433.3194966"
"5","instagram.com","185678457","10295537211.196444"
"6","tiktok.com","183149822","1833570780.355296"
"7","pinterest.com","143115344","4739733155.537865"
"8","quora.com","131484267","1935084972.1176865"
"9","google.com","129259043","14949642005.641354"
"10","linkedin.com","127580513","2288101774.626818"
"11","twitter.com","111122494","3190310400.013663"
"12","amazon.com","106915636","5040357945.979704"
"13","apple.com","67475512","3926915337.453407"
"14","fandom.com","61758421","2407687397.1870923"
"15","wordpress.com","58156315","225559305.84025413"
"16","yahoo.com","55370849","2251427086.987258"
"17","etsy.com","53979441","529658961.29596764"
"18","ebay.com","53868424","428086944.67964077"
"19","yelp.com","47034673","3036592751.16217"
"20","medium.com","44902671","364427985.16577774"
"21","nih.gov","44624435","1822115987.560227"
"22","walmart.com","43001771","1160232727.077667"
"23","imdb.com","42244572","5040078638.208198"
"24","indeed.com","41661832","1107447140.332971"
"25","tripadvisor.com","39759442","4538759429.045801"
"26","nytimes.com","34240270","693822795.2275621"
"27","researchgate.net","33671088","140999291.12728214"
"28","britannica.com","33131315","2767311378.693"
"29","forbes.com","28265913","925021678.3061175"
"30","microsoft.com","28245099","1357902553.4505994"
"31","mapquest.com","28207409","276517489.4977446"
"32","aliexpress.com","28160519","145415682.61004317"
"33","shutterstock.com","27612284","479587950.56113136"
"34","stackexchange.com","25836460","182315307.6262927"
"35","cambridge.org","25510929","3803930553.151584"
"36","theguardian.com","24619121","332611072.29690534"
"37","alamy.com","24376060","109739626.48338434"
"38","wikihow.com","24069621","444200594.5900694"
"39","scribd.com","24006160","173219966.40136483"
"40","wiktionary.org","23540639","1079230346.8766098"
"41","sciencedirect.com","23471935","346107152.8178015"
"42","reverso.net","23140567","1111467299.6953862"
"43","bbc.com","22579242","669635659.324605"
"44","dailymotion.com","22193486","187096922.6776355"
"45","businessinsider.com","22018341","402475217.2604793"
"46","foursquare.com","21976203","94655487.75674324"
"47","spotify.com","21967296","369275356.9828532"
"48","collinsdictionary.com","21448192","1521243179.5489714"
"49","indiatimes.com","21443650","1403242563.5779657"
"50","healthline.com","21171013","1487778949.2189438"
"51","booking.com","20425950","1484779986.690352"
"52","usatoday.com","20210557","586311137.9130396"
"53","webmd.com","20166268","1551514778.2088113"
"54","merriam-webster.com","20154345","4258783977.602691"
"55","trip.com","19755827","169238472.54648286"
"56","cnn.com","19283645","490344018.51187587"
"57","flickr.com","19226439","80609453.81292921"
"58","adobe.com","18861249","962589758.5987518"
"59","study.com","18182697","387428017.02087677"
"60","soundcloud.com","18122732","254503744.96870238"
"61","amazon.co.uk","18041230","668567135.6139143"
"62","mayoclinic.org","17772281","1963230126.0060136"
"63","istockphoto.com","17641487","582034601.7523247"
"64","github.com","17514373","374197354.908811"
"65","target.com","17099673","563121357.4439582"
"66","wikiwand.com","16715563","60618666.89481395"
"67","dictionary.com","16501672","1742001107.4324768"
"68","slideshare.net","16427826","122503785.28414586"
"69","clevelandclinic.org","16401077","1642469480.867825"
"70","bbc.co.uk","16190877","1002824471.5747707"
"71","medicalnewstoday.com","16178640","790996942.328195"
"72","wordreference.com","15797206","429693975.3418352"
"73","screenrant.com","15436292","166054069.53651816"
"74","yellowpages.com","15406406","51147268.80309927"
"75","bab.la","15287449","302591611.7396387"
"76","waze.com","15173213","192574140.52087858"
"77","byjus.com","14276360","1488176609.234038"
"78","yahoo.co.jp","13977201","1036195338.7144512"
"79","tumblr.com","13733882","72161305.50798097"
"80","genius.com","13618316","482547663.5331517"
"81","usnews.com","13599609","507423531.1940629"
"82","ign.com","13392965","163969829.28768164"
"83","cnet.com","13142254","221825487.3854538"
"84","washingtonpost.com","13101887","129513209.19973822"
"85","stackoverflow.com","13092580","175115823.07220626"
"86","cbsnews.com","12895036","204878107.5751294"
"87","moovitapp.com","12883252","127323406.97632776"
"88","amazon.de","12663853","571586079.6127759"
"89","ebay.co.uk","12651559","110692436.27755608"
"90","hotels.com","12577993","1199165350.1348312"
"91","dailymail.co.uk","12523166","208987730.34284222"
"92","rottentomatoes.com","12431896","803662620.9576688"
"93","amazon.in","12352663","1286768962.5459542"
"94","steamcommunity.com","12297809","83671977.17558731"
"95","goodreads.com","12248609","296433613.67685676"
"96","homedepot.com","12182694","1156688504.9651072"
"97","independent.co.uk","12171842","178781860.6994449"
"98","vocabulary.com","12104444","783004846.5296928"
"99","deviantart.com","12062386","112331247.01912238"
"100","freepik.com","12014712","346480881.56757313"
"101","thefreedictionary.com","12012281","168232551.04095456"
"102","geeksforgeeks.org","11932412","517691763.17297024"
"103","flipkart.com","11795002","710775361.1732804"
"104","netflix.com","11680602","766536780.3752837"
"105","redbubble.com","11659671","39687771.5022472"
"106","alibaba.com","11634384","44106407.26151144"
"107","europa.eu","11610968","202550648.8200718"
"108","springer.com","11604061","50260490.21936245"
"109","harvard.edu","11306934","255746105.46434256"
"110","dreamstime.com","11109872","63495930.02602817"
"111","rome2rio.com","10968507","99380885.9121653"
"112","gamespot.com","10958687","62881962.02708606"
"113","yourdictionary.com","10844128","311949595.3615891"
"114","archive.org","10822751","101441722.5636765"
"115","glassdoor.com","10811186","79427515.17303261"
"116","www.nhs.uk","10697589","611354390.7282757"
"117","zoominfo.com","10625856","39927925.62259084"
"118","investopedia.com","10624019","719531628.0026088"
"119","weebly.com","10523868","62187600.49924344"
"120","sportskeeda.com","10437881","171813301.1187544"
"121","gettyimages.com","10408882","131681142.75444445"
"122","ca.gov","10381797","283193263.939546"
"123","verywellhealth.com","10306694","233710454.66407117"
"124","goodhousekeeping.com","10205537","309712695.685173"
"125","restaurantguru.com","10177745","52842707.15870386"
"126","jstor.org","10175434","39306983.36182773"
"127","wikimedia.org","10168812","40214200.64739284"
"128","hindustantimes.com","10074089","821938913.8269982"
"129","expedia.com","9936558","907317006.8525133"
"130","cosmopolitan.com","9748025","196298304.53673258"
"131","justdial.com","9748024","578082179.1832094"
"132","tvtropes.org","9714589","58251827.281869575"
"133","justanswer.com","9697987","34994956.568144314"
"134","nature.com","9645325","93327598.77439666"
"135","medlineplus.gov","9577969","575370225.8729925"
"136","nextdoor.com","9462311","34462620.34738358"
"137","reuters.com","9447218","144182977.57006225"
"138","issuu.com","9368875","24823987.800534774"
"139","msn.com","9314815","137396722.3595933"
"140","wiley.com","9267283","38468708.14564372"
"141","indiamart.com","9247629","283469060.6766725"
"142","economictimes.com","9176395","250231219.20657015"
"143","agoda.com","9172043","210838777.45270428"
"144","gamerant.com","8994740","88339400.56631935"
"145","ziprecruiter.com","8956737","168671836.7215577"
"146","quizlet.com","8955321","44392785.17806153"
"147","people.com","8925764","297504768.72863996"
"148","today.com","8925610","224712633.03072366"
"149","npr.org","8913038","104529025.09787077"
"150","bbb.org","8887335","117450962.21950743"
"151","cdc.gov","8856481","544648746.3918082"
"152","oup.com","8846691","39719910.47492581"
"153","company-information.service.gov.uk","8845445","147448235.83643723"
"154","kwai.com","8641951","43206895.89185265"
"155","bloomberg.com","8608407","297110286.5532992"
"156","thesaurus.com","8512269","691257028.6870149"
"157","go.com","8483140","291496796.1856499"
"158","amazon.fr","8470166","288908697.80569816"
"159","bestbuy.com","8465247","356577202.74541146"
"160","time.com","8422815","100061115.31407115"
"161","oxfordlearnersdictionaries.com","8320357","225321579.5302989"
"162","wordhippo.com","8319923","192390736.9372957"
"163","pixabay.com","8310136","276084140.87538546"
"164","amazon.ca","8307023","288672584.36726487"
"165","google.co.in","8294814","674998283.5706347"
"166","latimes.com","8291773","73472297.375504"
"167","tvguide.com","8291015","209746953.446608"
"168","craigslist.org","8262890","109907818.75809509"
"169","variety.com","8236173","117912403.20693347"
"170","cbr.com","8232477","67978906.28438582"
"171","timeout.com","8215757","233306702.40878314"
"172","studocu.com","8176016","38649352.59348804"
"173","apnews.com","8173847","197972108.71097514"
"174","espn.com","8088716","2342042999.0795965"
"175","rakuten.co.jp","8083221","733256961.2705431"
"176","temu.com","8073385","37288959.1412901"
"177","academia.edu","8037446","24175621.267473213"
"178","google.co.uk","8016897","163334908.92805195"
"179","as.com","8000246","213594848.36806118"
"180","canva.com","7996714","484223588.25766456"
"181","lowes.com","7992411","374169110.9645495"
"182","lemon8-app.com","7992145","36900983.168001354"
"183","wattpad.com","7874317","83447746.92917214"
"184","nbcnews.com","7852180","142191479.83127743"
"185","trustpilot.com","7746449","253058911.92997217"
"186","tripadvisor.co.uk","7714738","482974778.48659325"
"187","depositphotos.com","7673362","44404766.62763486"
"188","last.fm","7640153","79708208.00082958"
"189","themoviedb.org","7632212","146998343.06608248"
"190","lefigaro.fr","7620486","117805612.66564555"
"191","www.gov.uk","7559554","354231584.0374957"
"192","zillow.com","7556188","416956274.80487037"
"193","infobae.com","7555517","135383855.78217548"
"194","telegraph.co.uk","7534277","73602927.17068271"
"195","buzzfeed.com","7526513","78004414.87063192"
"196","cnbc.com","7493315","383050143.22655207"
"197","msdmanuals.com","7475279","201169073.3318891"
"198","nypost.com","7436737","101848824.57064232"
"199","amazon.co.jp","7405123","558607121.4553905"
"200","toppr.com","7368426","191929302.88004172"
"201","testbook.com","7328709","207588640.76883426"
"202","ubereats.com","7305177","440742331.9700849"
"203","steampowered.com","7257986","321780588.0074569"
"204","hollywoodreporter.com","7247867","74455108.23265724"
"205","collider.com","7215592","74301873.34321374"
"206","uol.com.br","7204523","606047282.2560946"
"207","medicinenet.com","7181021","95518618.7828882"
"208","ameblo.jp","7134625","98611487.4593344"
"209","naver.com","7049431","198154790.03516024"
"210","elpais.com","7001606","128894642.96674013"
"211","globo.com","6996286","802424744.1702527"
"212","google.ca","6994503","149570706.25102803"
"213","ikea.com","6981747","406412994.8838044"
"214","hopkinsmedicine.org","6948425","392628228.97438544"
"215","glosbe.com","6936003","103559994.93670744"
"216","cbc.ca","6928748","89404216.36874822"
"217","vimeo.com","6910134","32384351.549926996"
"218","samsung.com","6875888","245996276.9248991"
"219","indianexpress.com","6866706","330762042.0498785"
"220","khanacademy.org","6848208","228687961.0213517"
"221","vecteezy.com","6844895","65343287.484157614"
"222","parade.com","6821345","310748649.712727"
"223","barnesandnoble.com","6798962","121512673.82699186"
"224","softonic.com","6791444","290377180.5655861"
"225","urbandictionary.com","6748795","145565898.04015696"
"226","line.me","6736950","94296357.07652664"
"227","ny.gov","6728901","181461453.24408418"
"228","techradar.com","6649252","122869759.01874024"
"229","ouest-france.fr","6634619","151029847.22693494"
"230","ew.com","6603502","88268465.91923599"
"231","digitaltrends.com","6581344","82463574.94500864"
"232","canada.ca","6573902","208614339.19685698"
"233","costco.com","6562239","278161899.5707075"
"234","pbs.org","6537486","96735891.72194156"
"235","deezer.com","6534177","57171060.958698586"
"236","google.de","6508469","139667647.5706435"
"237","kayak.com","6493983","334132584.9826871"
"238","allrecipes.com","6493091","607244948.0494621"
"239","crunchbase.com","6462212","72639571.54986428"
"240","news18.com","6453187","266333490.20025602"
"241","dnb.com","6415703","37451921.137222275"
"242","wikidata.org","6407843","33251820.577768058"
"243","realtor.com","6385626","211188675.07508907"
"244","ldoceonline.com","6378044","63413807.20419463"
"245","cornell.edu","6370129","128156312.61405785"
"246","shabdkosh.com","6342144","607242558.3898232"
"247","ndtv.com","6295488","676553610.1667802"
"248","mit.edu","6259147","105205054.07207306"
"249","discogs.com","6238270","37234505.59973143"
"250","thegamer.com","6217174","40548558.070868194"
"251","pinterest.es","6213991","150814492.06837398"
"252","chegg.com","6209106","28272497.90353233"
"253","lavanguardia.com","6207255","129038388.00335617"
"254","ebay.ca","6182341","25919864.56755558"
"255","primevideo.com","6162281","234474155.35033327"
"256","groupon.com","6154118","308216820.2060847"
"257","marca.com","6150784","232368903.9528445"
"258","wired.com","6150563","84365104.84446801"
"259","elle.com","6134912","132223906.62129156"
"260","city-data.com","6127118","24115040.8375584"
"261","shazam.com","6115905","33942444.81230227"
"262","medscape.com","6114510","125156972.03490306"
"263","usda.gov","6112980","155313477.07325506"
"264","kleinanzeigen.de","6096076","77630335.17536315"
"265","thesun.co.uk","6080633","68887696.93323123"
"266","mirror.co.uk","6075035","59587727.9223188"
"267","pcmag.com","6071200","129874964.8249656"
"268","makeuseof.com","6070401","41308554.64426583"
"269","tenor.com","6042570","99099421.39967647"
"270","ebay.de","6023084","61722505.61357938"
"271","thoughtco.com","6008282","94609049.49978474"
"272","makemytrip.com","5971765","666517841.8942382"
"273","vedantu.com","5961009","187563453.9590834"
"274","justwatch.com","5945128","69864943.00576691"
"275","who.int","5943771","175115758.25271404"
"276","accuweather.com","5934527","1342835649.8437526"
"277","rocketreach.co","5928817","17394083.10694317"
"278","tomsguide.com","5925214","105825600.7477583"
"279","biomedcentral.com","5913143","37636793.482831635"
"280","abcmillwork.com","5897923","2848728.232796887"
"281","theverge.com","5892267","72814214.1056557"
"282","libretexts.org","5888762","131479467.71908037"
"283","kidshealth.org","5876750","150822832.07115665"
"284","ranker.com","5870297","53477708.68675375"
"285","tandfonline.com","5855155","19219749.442127638"
"286","jiosaavn.com","5854674","134248138.65042606"
"287","pons.com","5848896","295303345.7124414"
"288","oed.com","5797047","105378463.18479745"
"289","aminoapps.com","5786585","25937508.8179141"
"290","pagesjaunes.fr","5764363","123542399.51786904"
"291","wsj.com","5750695","133171393.0117432"
"292","rollingstone.com","5739252","75861117.29746251"
"293","bandcamp.com","5716196","64829984.652427725"
"294","metacritic.com","5678744","51002788.40361117"
"295","si.com","5664293","123372480.121553"
"296","prom.ua","5633346","36971979.26866582"
"297","detik.com","5610717","525951880.0860818"
"298","theconversation.com","5564044","39941204.99082242"
"299","texas.gov","5555554","113462544.27072802"
"300","statista.com","5537196","100166439.44716883"
"301","unsplash.com","5535124","507129258.1465995"
"302","houzz.com","5534694","55104948.029515006"
"303","lifewire.com","5531916","89886381.83442177"
"304","betterhealth.vic.gov.au","5526752","165964113.01205838"
"305","mundodeportivo.com","5500474","110312113.29027024"
"306","manta.com","5490949","7380114.801802456"
"307","healthdirect.gov.au","5443960","139653968.47573423"
"308","salary.com","5427807","24065353.325707942"
"309","gamesradar.com","5426693","57437604.24826143"
"310","travelocity.com","5421075","111454209.57469426"
"311","encyclopedia.com","5404854","28883614.34734227"
"312","amazon.es","5398968","169445528.33764166"
"313","tistory.com","5398931","42013479.74227091"
"314","mountsinai.org","5385262","205990454.4592247"
"315","rateyourmusic.com","5370773","25448525.194433093"
"316","letras.com","5359221","74518115.92988801"
"317","health.com","5357228","127162394.14781868"
"318","uptodown.com","5346277","274419946.40356743"
"319","foodnetwork.com","5325946","269516382.4899465"
"320","vulture.com","5325332","68379457.57955135"
"321","allevents.in","5303929","10332061.117944699"
"322","marriott.com","5285956","261171263.8051289"
"323","billboard.com","5284029","68251316.88341321"
"324","indiatoday.in","5283217","251019872.7199211"
"325","boomplay.com","5270580","34309408.45392385"
"326","tokopedia.com","5267566","328008529.01744664"
"327","wa.gov","5265277","70722803.79335874"
"328","umich.edu","5249964","62992668.48280176"
"329","movieweb.com","5236418","45021286.42417666"
"330","prnewswire.com","5236341","31136162.68462851"
"331","thehindu.com","5235827","322757770.11739534"
"332","stanford.edu","5230754","93000100.87823616"
"333","instructables.com","5224471","44030690.58532213"
"334","olx.ua","5196747","77978351.69675907"
"335","musixmatch.com","5196473","22002113.099830985"
"336","abc.net.au","5183327","51240008.70156316"
"337","everydayhealth.com","5180865","47181729.01426278"
"338","nsw.gov.au","5163701","89227849.77578841"
"339","prezi.com","5161200","16647319.18882071"
"340","capcut.com","5147467","42106166.2301496"
"341","howstuffworks.com","5138106","111499534.68512891"
"342","southernliving.com","5132897","268952306.3581974"
"343","mdpi.com","5118331","26665387.57046993"
"344","popsugar.com","5115741","37627251.09865785"
"345","aol.com","5115395","85967558.72862692"
"346","express.co.uk","5107356","34543426.389977865"
"347","google.co.id","5094367","317986516.44163305"
"348","ft.com","5092000","67882053.46955484"
"349","alberta.ca","5079735","73095541.30759467"
"350","sagepub.com","5076162","16396147.648956692"
"351","kompas.com","5075810","245402084.65461832"
"352","newsweek.com","5069119","39821419.26464382"
"353","un.org","5063905","112002094.55926391"
"354","com.be","5049915","31299158.374856535"
"355","goo.ne.jp","5049694","191333421.86839667"
"356","travelweekly.com","5049315","40530774.64801462"
"357","namu.wiki","5040363","304111264.87688017"
"358","hinative.com","5036005","31118246.544112653"
"359","brainly.in","5020728","65011826.80304298"
"360","cookpad.com","5020181","313317670.8738551"
"361","commonsensemedia.org","4981352","55409039.84773716"
"362","polygon.com","4970992","38507366.34933727"
"363","dzen.ru","4965750","11980635.836818004"
"364","nasa.gov","4954681","236073753.894037"
"365","amazon.com.au","4939116","58251462.5757605"
"366","radiotimes.com","4938326","77419848.449076"
"367","pngwing.com","4926538","31921430.182695277"
"368","menshealth.com","4920560","79785348.08988371"
"369","goal.com","4907079","258943674.47327077"
"370","behance.net","4866690","41270557.5246744"
"371","womenshealthmag.com","4865270","53725497.46708419"
"372","apkpure.com","4855820","73364153.9960043"
"373","airbnb.com","4843238","57971729.59854873"
"374","livemint.com","4829812","335226686.7203735"
"375","standard.co.uk","4826100","48919357.481135815"
"376","mercari.com","4825980","57645937.66535158"
"377","tribunnews.com","4824004","125342404.96918476"
"378","goodrx.com","4812108","122156700.75761478"
"379","doordash.com","4810575","1409930886.0675585"
"380","weather.com","4807414","1802088112.2991917"
"381","kiddle.co","4799647","20325210.920268342"
"382","redfin.com","4799024","85662867.33691145"
"383","superpages.com","4776239","5075825.1499149185"
"384","123rf.com","4768557","17424529.624549523"
"385","brainly.com","4766340","34194653.154733434"
"386","india.com","4756190","220018646.37193215"
"387","rozetka.com.ua","4746665","81219200.06434143"
"388","loc.gov","4743520","97122977.95678926"
"389","pinterest.de","4740209","91567052.28575648"
"390","psu.edu","4727561","51046951.340511024"
"391","nationalgeographic.com","4717591","197155373.77216396"
"392","pinterest.co.uk","4712606","162919033.59455138"
"393","esquire.com","4701924","59593716.90770994"
"394","coursehero.com","4698600","14609173.13567867"
"395","mumsnet.com","4684317","18846346.39776192"
"396","countryliving.com","4683931","140407563.4512372"
"397","patch.com","4680849","19706875.497597463"
"398","elespanol.com","4659133","46783459.13892587"
"399","letras.mus.br","4655789","105991025.65536459"
"400","wordnik.com","4651485","65249683.462655395"
"401","dexerto.com","4645880","37649553.503055096"
"402","bbcgoodfood.com","4640867","243204766.2505121"
"403","gutefrage.net","4607871","37893788.06569179"
"404","lemonde.fr","4591109","63891882.160876915"
"405","pngtree.com","4587324","58716897.25180494"
"406","yandex.ru","4587003","27893054.003358897"
"407","thespruce.com","4569331","166120147.34310743"
"408","mercadolivre.com.br","4567561","217801328.46024492"
"409","abplive.com","4558529","240038156.05050087"
"410","digitalspy.com","4557734","32291573.959181443"
"411","deadline.com","4555182","47822597.26296559"
"412","frontiersin.org","4550362","21767969.309158407"
"413","hubspot.com","4507625","143152645.33683443"
"414","substack.com","4503373","25894900.234758202"
"415","elmundo.es","4500435","164407534.06693912"
"416","linguee.com","4496565","73228350.92916466"
"417","poshmark.com","4478181","24624111.5359295"
"418","opentable.com","4459670","784824764.8707156"
"419","hm.com","4455882","169110644.41025785"
"420","metro.co.uk","4449787","35187056.06993822"
"421","rd.com","4449410","107994506.95495676"
"422","nps.gov","4448496","257082089.26486033"
"423","huffpost.com","4444038","40359687.67940646"
"424","macys.com","4439677","198626533.28668427"
"425","amazon.it","4435809","205608191.57633126"
"426","techtarget.com","4418968","324414941.4144741"
"427","realsimple.com","4418039","94254678.25773019"
"428","abebooks.com","4412949","14552120.273163196"
"429","fodors.com","4406368","38118344.521138735"
"430","viator.com","4388376","55441685.42751798"
"431","orbitz.com","4388204","52476644.39332452"
"432","google.com.ua","4368851","34931043.87754718"
"433","jooble.org","4367866","20892489.583952762"
"434","vectorstock.com","4366123","44947904.13482037"
"435","vk.com","4358152","20433324.374658886"
"436","semanticscholar.org","4355336","9934903.9747657"
"437","tripadvisor.ca","4329667","300323871.4704215"
"438","letterboxd.com","4320163","36690580.320212364"
"439","mashable.com","4315887","71342972.80020694"
"440","eventbrite.com","4314983","39740045.091616936"
"441","ebay.com.au","4311679","21735577.316078484"
"442","grubhub.com","4306632","530948510.4026387"
"443","investing.com","4301806","467839241.95633125"
"444","javatpoint.com","4295910","124723814.66089779"
"445","mubi.com","4294185","35711322.618719235"
"446","answers.com","4288963","22164739.83948935"
"447","cancer.gov","4283767","204430448.58675116"
"448","mercadolibre.com.mx","4274852","202072662.0289906"
"449","state.gov","4268420","173262832.59636495"
"450","sofascore.com","4267574","458274480.9172894"
"451","made-in-china.com","4251553","17691446.478689823"
"452","food.com","4251329","116338899.98775803"
"453","amazon.com.br","4243030","130388680.1672651"
"454","yumpu.com","4242674","6898187.731753817"
"455","refinery29.com","4236176","19974184.78417314"
"456","ultimate-guitar.com","4228295","69222287.64525984"
"457","liputan6.com","4223064","174087620.0541367"
"458","chron.com","4216455","35197969.940352395"
"459","euronews.com","4212145","44375671.499312826"
"460","cbssports.com","4195105","640691956.6181071"
"461","xbox.com","4185707","106446596.38326073"
"462","kumparan.com","4178549","178329112.65318292"
"463","mojim.com","4173895","34021193.0141883"
"464","bleacherreport.com","4171582","136566343.0813284"
"465","thepioneerwoman.com","4162046","148079441.23175827"
"466","umn.edu","4144267","51184474.08803213"
"467","klook.com","4138537","78982272.76747976"
"468","wayfair.com","4137805","124043383.15475288"
"469","note.com","4134471","59301373.465969965"
"470","roku.com","4120864","49962232.43288762"
"471","sportingnews.com","4115751","80068606.28587088"
"472","bhg.com","4112665","82801353.01634078"
"473","shiksha.com","4112644","274511949.0599756"
"474","shein.com","4112435","58977383.31638319"
"475","drugs.com","4107161","137942950.17975503"
"476","pexels.com","4101120","284336272.1194728"
"477","dw.com","4093352","30891466.28283044"
"478","nerdwallet.com","4071352","321254490.03279126"
"479","harpersbazaar.com","4068759","69765381.57692808"
"480","shopee.co.id","4065907","248259952.00211924"
"481","foxsports.com","4064804","379703681.8047552"
"482","eater.com","4048973","176169444.93831694"
"483","livejournal.com","4030077","8798876.346814802"
"484","timeanddate.com","4028100","895432625.6184453"
"485","nordstrom.com","4023579","285859042.80089253"
"486","lawinsider.com","4018071","27914738.984349765"
"487","uptodate.com","4017167","56428139.700647235"
"488","yelp.ca","4017147","122208587.89786966"
"489","azlyrics.com","4015400","73299316.02547842"
"490","playstation.com","4005984","150643266.74567848"
"491","alltrails.com","4004785","70993678.80618979"
"492","kroger.com","3990722","82740875.53973913"
"493","timesnownews.com","3988566","101553825.38340792"
"494","mapcarta.com","3984660","8007922.521386454"
"495","trulia.com","3979594","156183862.40077"
"496","foxnews.com","3972811","233758010.6391012"
"497","pinterest.fr","3966868","66782278.48116731"
"498","legacy.com","3963167","76011199.83212085"
"499","apartments.com","3953462","213778854.38452438"
"500","marketwatch.com","3943168","829822627.3242664"
"501","ibm.com","3940707","146808244.20758885"
"502","google.co.jp","3933851","124413834.40067726"
"503","business-standard.com","3931804","205875369.6330357"
"504","definitions.net","3924187","25034972.703939423"
"505","wise.com","3915992","777692252.6834909"
"506","asos.com","3910844","85024119.5629446"
"507","zippia.com","3907713","16647617.296791373"
"508","si.edu","3906806","114208160.47892341"
"509","theknot.com","3906570","103901433.32820395"
"510","the-sun.com","3895944","36018847.41520901"
"511","fnac.com","3877439","43168431.20201249"
"512","aljazeera.com","3864718","166723239.03412503"
"513","vogue.com","3857990","60232575.15674"
"514","ufl.edu","3854920","55907125.73046471"
"515","archiveofourown.org","3850150","23903450.20095387"
"516","fda.gov","3839613","76246239.65246859"
"517","jagran.com","3832369","146349244.35962424"
"518","lww.com","3821758","16905870.54060009"
"519","noaa.gov","3813533","148344959.8316635"
"520","20minutos.es","3803966","72946375.03674456"
"521","almaany.com","3794822","69813885.98473902"
"522","rogerebert.com","3792697","50014651.92568567"
"523","filmaffinity.com","3791821","89994232.64093629"
"524","shopify.com","3789313","142990914.1514254"
"525","comicbook.com","3785554","13056708.104305882"
"526","justia.com","3784219","33843726.08328262"
"527","tureng.com","3775269","70629471.87228993"
"528","mappy.com","3774130","65259378.27727738"
"529","columbia.edu","3764841","43723381.64418729"
"530","twitch.tv","3764142","147020776.93675524"
"531","superuser.com","3763922","23495576.97667793"
"532","lumenlearning.com","3763754","40736790.42126009"
"533","unirioja.es","3762989","16754029.14735937"
"534","google.com.au","3755450","26113702.021731623"
"535","tripadvisor.in","3752623","570103952.7563267"
"536","rakuten.com","3746869","25777896.93545729"
"537","google.fr","3746227","300576193.88871175"
"538","aaa.com","3741124","97322472.3151482"
"539","vrbo.com","3733598","42218935.692813486"
"540","teacherspayteachers.com","3731363","24379774.618431393"
"541","ctvnews.ca","3727371","49451592.15439216"
"542","virginia.gov","3726906","57622820.55484616"
"543","powerthesaurus.org","3726765","25916322.165987957"
"544","aarp.org","3726522","56279661.32609987"
"545","abc.es","3718297","62201022.00378695"
"546","newyorker.com","3718113","40860361.18705745"
"547","tasteofhome.com","3712965","93004756.47969297"
"548","thespruceeats.com","3708872","104024937.01819527"
"549","rochester.edu","3682647","59248096.79060797"
"550","mynavi.jp","3675029","110148004.01651782"
"551","va.gov","3673581","66955469.74867671"
"552","eatingwell.com","3659462","95961499.22033188"
"553","lyrics.com","3652800","18411529.867822006"
"554","thekitchn.com","3633743","80460641.3553282"
"555","giphy.com","3625112","80101710.68826318"
"556","magazineluiza.com.br","3621167","164561326.4931264"
"557","psychologytoday.com","3611091","61332515.34280454"
"558","trivago.com","3606529","75856663.1787089"
"559","oxfordreference.com","3601998","24448850.22116328"
"560","scmp.com","3592379","33728317.036445156"
"561","tripadvisor.co","3590467","28736507.011707325"
"562","bmj.com","3588969","22233194.33823499"
"563","mozilla.org","3588685","115529229.8911047"
"564","unacademy.com","3586402","172583718.7478369"
"565","etymonline.com","3585426","19844411.06219225"
"566","tutorialspoint.com","3565205","53010651.014873"
"567","terra.com.br","3565088","129560872.45106208"
"568","healthgrades.com","3563485","38164239.02335264"
"569","livescience.com","3563086","57407291.98460648"
"570","wondershare.com","3562474","36399133.05416228"
"571","sky.com","3557327","98560402.2477051"
"572","consumerreports.org","3557116","58768673.03338224"
"573","cvs.com","3554923","265323886.2711869"
"574","pitchbook.com","3550884","30893169.587626375"
"575","allmusic.com","3549958","30437097.51253801"
"576","famousbirthdays.com","3547728","47519557.104856744"
"577","pressbooks.pub","3546718","26530842.58108613"
"578","cntraveler.com","3541678","102662237.67058137"
"579","skysports.com","3541170","440710919.0539659"
"580","lyricstranslate.com","3534176","9262284.093665438"
"581","fastercapital.com","3531790","8247957.568949541"
"582","lonelyplanet.com","3528498","79786707.55717395"
"583","mercadolibre.com.ar","3526047","126981105.94707757"
"584","vox.com","3523226","35924273.601961985"
"585","larousse.fr","3522639","251755692.02398947"
"586","nyc.gov","3520316","100421364.79334906"
"587","history.com","3514410","148612449.51327264"
"588","iheart.com","3510372","36903167.4362769"
"589","loopnet.com","3499076","18671075.487284094"
"590","caranddriver.com","3494979","168465041.10943317"
"591","jamanetwork.com","3490359","19516708.05177316"
"592","nymag.com","3480842","49458280.948831536"
"593","berkeley.edu","3464856","47521747.12950307"
"594","cdiscount.com","3459001","49649575.324385546"
"595","ebay.fr","3447561","16088711.413398389"
"596","johnlewis.com","3444958","54899716.21144225"
"597","travelandleisure.com","3442357","87746477.7985427"
"598","eonline.com","3441041","40102635.49765705"
"599","nike.com","3435401","356560844.80500567"
"600","francetvinfo.fr","3429346","65358146.98811486"
"601","maryland.gov","3427373","38663663.920230396"
"602","howtogeek.com","3427162","35014606.89079544"
"603","rae.es","3422922","443212288.2495606"
"604","wisc.edu","3422331","51921696.42144785"
"605","tvinsider.com","3421636","48636523.10679779"
"606","plex.tv","3416514","38260155.09690234"
"607","amarujala.com","3414273","202438905.564015"
"608","yell.com","3397160","31833935.37221416"
"609","hamariweb.com","3397135","129208495.15393211"
"610","moneycontrol.com","3395743","1444637765.4844644"
"611","google.it","3390906","206934993.30158806"
"612","navitime.co.jp","3387972","116072977.56590788"
"613","nhsinform.scot","3387166","95419126.2693717"
"614","vinmec.com","3385239","64631186.88556407"
"615","yale.edu","3382268","31139114.609505862"
"616","bol.com","3381409","56371402.217344776"
"617","marthastewart.com","3374392","76322654.66873668"
"618","pngegg.com","3369642","11847636.291704062"
"619","epa.gov","3360561","81584698.56815134"
"620","kohls.com","3357509","95429435.0499992"
"621","wordsmyth.net","3357072","26031473.367294893"
"622","glamour.com","3338910","54559414.8949469"
"623","omnicalculator.com","3323514","239219689.6667053"
"624","apa.org","3322053","60555875.151566006"
"625","traveloka.com","3321926","108521470.03152904"
"626","usmagazine.com","3317688","63529043.227945976"
"627","lanacion.com.ar","3316923","103891329.4058816"
"628","focus.de","3312218","37916419.05587542"
"629","elconfidencial.com","3311104","39736860.55360132"
"630","spanishdict.com","3299858","301934163.6108903"
"631","restaurantji.com","3297653","4820822.477867119"
"632","verywellmind.com","3287667","148785441.61532593"
"633","my-free.website","3278921","3649488.892283842"
"634","tripadvisor.fr","3274709","175521973.63215184"
"635","jagranjosh.com","3273408","159331931.36320764"
"636","vice.com","3270979","18918159.587212928"
"637","hinkhoj.com","3269688","204006410.96751142"
"638","theatlantic.com","3267025","38247976.93509865"
"639","oracle.com","3264785","69934025.41489422"
"640","leparisien.fr","3261276","33951798.39350597"
"641","bustle.com","3254664","13577785.258654252"
"642","delish.com","3249822","143355623.77843818"
"643","foodandwine.com","3249062","115596925.06512357"
"644","angi.com","3236313","92041700.99727339"
"645","blibli.com","3233134","131885891.26955973"
"646","news-medical.net","3227219","35420480.26191266"
"647","smh.com.au","3224951","22814209.49798375"
"648","docomo.ne.jp","3218825","96079892.00127165"
"649","epicentrk.ua","3199165","28111998.7854471"
"650","homes.com","3196394","63207096.370925955"
"651","core.ac.uk","3191916","8103665.176002832"
"652","mercadolibre.com.co","3191389","59318721.847021334"
"653","leboncoin.fr","3180402","134749402.9753524"
"654","smule.com","3178858","34102075.236373685"
"655","mass.gov","3172506","41030430.58040085"
"656","byrdie.com","3170584","81538479.67119908"
"657","google.co.kr","3163195","15567513.723659648"
"658","amazon.com.mx","3162365","106787570.51590331"
"659","howtopronounce.com","3157571","30066703.853012055"
"660","babycenter.com","3147223","50254513.01902197"
"661","bringfido.com","3142828","24262969.435180623"
"662","nikkei.com","3137768","114564782.44174765"
"663","walgreens.com","3135599","202005629.12602168"
"664","cinemablend.com","3131376","17538330.972003695"
"665","wynk.in","3130648","124787993.134449"
"666","eurogamer.net","3130453","26505779.0482668"
"667","fc2.com","3128969","27875847.01158773"
"668","pa.gov","3127984","47723038.89277411"
"669","songfacts.com","3122748","21531038.175332338"
"670","unam.mx","3105412","52785026.969304994"
"671","hp.com","3101907","75823064.13119832"
"672","clarin.com","3096116","59225009.7566026"
"673","menupix.com","3095444","5156048.525492771"
"674","casetext.com","3092315","8674420.393059319"
"675","familysearch.org","3087685","42180897.69226401"
"676","purdue.edu","3061928","91432499.26894926"
"677","google.com.br","3055864","127916789.64087091"
"678","globalnews.ca","3047200","43657463.82615226"
"679","wanderlog.com","3046910","13294210.343302786"
"680","wikimapia.org","3040941","8243793.733251581"
"681","apkcombo.com","3039981","39661919.654405475"
"682","reserving.com","3037550","10633138.393886687"
"683","pcgamer.com","3030816","35882673.20515633"
"684","metafilter.com","3026643","10484491.722441597"
"685","zmenu.com","3023195","6255140.301643893"
"686","thebump.com","3022458","79172994.69106099"
"687","hatenablog.com","3022134","22011536.92221825"
"688","studysmarter.co.uk","3019276","24190257.738214083"
"689","idealo.de","3014521","40978602.80796541"
"690","livestrong.com","3000699","16817386.981725104"
"691","elcomercio.pe","2996480","53853733.718601"
"692","priceline.com","2995205","42916385.4502293"
"693","pinterest.com.mx","2995144","143537855.3177128"
"694","walmart.ca","2993750","60327882.620656535"
"695","artstation.com","2991865","18210105.527776487"
"696","pennmedicine.org","2991765","110691840.66868518"
"697","in.gov","2988925","41124116.54236392"
"698","tuasaude.com","2987536","129354615.18398598"
"699","tripadvisor.de","2979122","125283630.12362066"
"700","irs.gov","2979080","213260625.53958178"
"701","nj.gov","2974602","37538993.6103306"
"702","upenn.edu","2969056","28075849.212940965"
"703","ea.com","2965512","92448351.6869095"
"704","michigan.gov","2965467","37972022.34365595"
"705","chordify.net","2961058","6331345.422937041"
"706","mlb.com","2956391","624008698.8847023"
"707","ycombinator.com","2955233","18798853.269311905"
"708","kbb.com","2952205","141535071.89323792"
"709","edmunds.com","2951007","140256454.21680966"
"710","instacart.com","2949377","75687269.74330221"
"711","t-online.de","2942997","46881442.8210455"
"712","toasttab.com","2942248","31623714.116460048"
"713","seriouseats.com","2938051","69564551.60377792"
"714","smithsonianmag.com","2937309","37735155.79102303"
"715","langeek.co","2935283","18505489.41876845"
"716","corriere.it","2935023","95283610.09100477"
"717","prtimes.jp","2934994","52662943.45249203"
"718","fortune.com","2933506","34741637.79369388"
"719","bonappetit.com","2929950","79269257.5815515"
"720","washington.edu","2929825","34837939.537271306"
"721","ingles.com","2926755","210243501.12486407"
"722","aajtak.in","2924254","282809623.35420144"
"723","osu.edu","2923478","34756354.7469679"
"724","prevention.com","2923460","59840848.046393014"
"725","androidauthority.com","2921061","37444860.221379116"
"726","ucdavis.edu","2919388","38744753.30084947"
"727","cars.com","2918490","162907416.04254213"
"728","pixnet.net","2916739","28218266.21701193"
"729","roadtrippers.com","2913584","14304985.147145534"
"730","dribbble.com","2910277","22912423.967978116"
"731","kompass.com","2910206","7890700.941882743"
"732","cylex-uk.co.uk","2909668","10839266.613892864"
"733","hilton.com","2908943","222062516.49199617"
"734","ieee.org","2906962","21941013.771301016"
"735","findmeglutenfree.com","2905453","20995909.18699355"
"736","zendesk.com","2905255","37667909.09207096"
"737","olympics.com","2901251","130181746.15706605"
"738","squarespace.com","2900700","20458431.09991633"
"739","livehindustan.com","2899310","183394346.8552195"
"740","menards.com","2898993","42889462.37007896"
"741","stern.de","2898242","26460516.510794073"
"742","theculturetrip.com","2898175","21738757.735200804"
"743","mo.gov","2895806","46409353.58651888"
"744","decider.com","2895475","16281719.60373948"
"745","seamless.com","2890573","35911659.87891162"
"746","pharmeasy.in","2890399","127810672.78371158"
"747","weather.gov","2888214","274099248.9781611"
"748","educalingo.com","2883862","6515227.837594209"
"749","arcgis.com","2880572","32839832.085261468"
"750","birdeye.com","2879594","5890972.785517033"
"751","prokerala.com","2877109","104439487.0436514"
"752","opencorporates.com","2871338","5430699.812661322"
"753","goibibo.com","2857951","230325596.3907354"
"754","samsclub.com","2846026","100468826.80866115"
"755","distractify.com","2845367","17368513.93302446"
"756","hgtv.com","2837381","83809541.89246039"
"757","msu.edu","2836998","32041855.2362215"
"758","youm7.com","2833840","63089640.662532695"
"759","ancestry.com","2832332","57889306.06924697"
"760","untappd.com","2829743","11859525.07941372"
"761","news.com.au","2827766","24270267.68623004"
"762","pixiv.net","2824003","177068814.77143678"
"763","simplyhired.com","2823523","14193921.151269943"
"764","urdupoint.com","2823315","96965989.76035869"
"765","abril.com.br","2823217","47137031.488712996"
"766","spiegel.de","2819799","56443749.54173601"
"767","zara.com","2819073","112636525.87457068"
"768","fool.com","2814507","63193561.73903554"
"769","pinterest.jp","2814466","78638758.43493114"
"770","allocine.fr","2811771","187381534.4021566"
"771","nme.com","2809013","18310226.9455987"
"772","lastminute.com","2803704","38547921.760747835"
"773","utah.edu","2795750","29729694.998326443"
"774","daum.net","2794804","15846838.344262047"
"775","hrs.com","2792041","12631142.77200559"
"776","arxiv.org","2782378","22498468.691643026"
"777","firstcry.com","2778830","49644346.37717092"
"778","kaiserpermanente.org","2776919","37675487.53268122"
"779","google.es","2769105","150217322.7178258"
"780","masterclass.com","2763018","53100090.25233099"
"781","zdnet.com","2762481","47736933.84249991"
"782","france24.com","2750576","24642030.517834827"
"783","uchicago.edu","2749306","22030841.62248469"
"784","findlaw.com","2748797","39469821.029685915"
"785","otto.de","2747286","39636068.000316694"
"786","patient.info","2743733","21972768.97719183"
"787","ck12.org","2743287","123831547.38578874"
"788","shopee.com.br","2741517","60132128.501333"
"789","planetofhotels.com","2741168","6478878.709424293"
"790","brainly.lat","2740836","21030196.170254357"
"791","w3schools.com","2739994","170131336.84292382"
"792","chip.de","2739131","69247634.78352058"
"793","udn.com","2737075","39203356.083912715"
"794","ct.gov","2736888","28591528.938610893"
"795","gotquestions.org","2735927","42998247.056551665"
"796","www.gob.mx","2735045","147197289.05138782"
"797","grid.id","2726920","41213471.53332703"
"798","business.site","2720628","61605310.49518005"
"799","gaana.com","2720507","98499728.72549091"
"800","verizon.com","2717150","111511199.98143023"
"801","dot.gov","2714414","39387429.99140911"
"802","udemy.com","2714277","37132975.84064432"
"803","acs.org","2706095","30974870.920377422"
"804","bartleby.com","2701433","7733883.6606793925"
"805","nexusmods.com","2700718","20908445.41627883"
"806","hola.com","2696751","40146337.15071382"
"807","gymglish.com","2696597","22288526.635093536"
"808","tabelog.com","2692986","331398615.20792454"
"809","gramedia.com","2692557","123675031.48890615"
"810","dickssportinggoods.com","2687572","107953635.21955493"
"811","hotelplanner.com","2685562","95417741.66970146"
"812","momondo.com","2685259","27134729.8183007"
"813","slate.com","2683878","19755452.67608821"
"814","lovetoknow.com","2680778","26500074.206083946"
"815","motortrend.com","2680416","35017487.52740529"
"816","steemit.com","2678334","12897460.59742492"
"817","bfmtv.com","2675891","40490475.85542633"
"818","data.gouv.fr","2664588","30573281.063223064"
"819","churchofjesuschrist.org","2661315","57874135.031114906"
"820","nintendo.com","2660947","119322417.08084673"
"821","aptoide.com","2659517","49009921.41505754"
"822","univision.com","2656169","21156742.970940214"
"823","usembassy.gov","2656158","55419399.377416566"
"824","kakaku.com","2655865","114641387.70725545"
"825","unc.edu","2652148","34134533.18205817"
"826","apkpure.net","2651881","52022323.35920186"
"827","actu.fr","2651395","31563359.450648945"
"828","spiceworks.com","2651325","30250554.793029197"
"829","20minutes.fr","2651321","68370860.99797603"
"830","idntimes.com","2648650","61777500.06279515"
"831","architecturaldigest.com","2647792","59139459.715749964"
"832","michelin.com","2644459","90715431.11323643"
"833","worldbank.org","2643216","42105639.31184937"
"834","illinois.edu","2643156","37487100.56153441"
"835","songmeanings.com","2642517","15653819.724292465"
"836","tubitv.com","2640167","46761763.09375156"
"837","utexas.edu","2640165","37242498.7839531"
"838","verywellfit.com","2638286","77896994.57432081"
"839","illinois.gov","2637379","41787108.74012749"
"840","ed.gov","2633221","36612782.514074855"
"841","momjunction.com","2632688","22511406.925343268"
"842","farfetch.com","2632285","49782620.70965341"
"843","eltiempo.com","2631590","52150988.266543634"
"844","pikiran-rakyat.com","2631194","26963723.417060472"
"845","army.mil","2629802","55333010.884016335"
"846","singleplatform.com","2629419","21478938.99217865"
"847","dell.com","2627765","48150880.705872"
"848","lenovo.com","2625717","61144143.9106915"
"849","tripadvisor.com.au","2624024","131821765.23848955"
"850","lazada.co.id","2621677","89948557.7335453"
"851","journaldesfemmes.fr","2614334","81802602.17459716"
"852","state.mn.us","2613722","36593154.53963791"
"853","rent.com","2612859","39398983.706963405"
"854","ox.ac.uk","2612467","24040383.823076665"
"855","housebeautiful.com","2608175","66483359.575141"
"856","deepl.com","2606706","1375185865.191491"
"857","mnemonicdictionary.com","2602402","11903282.15340207"
"858","scientificamerican.com","2601926","34670852.45980116"
"859","thewrap.com","2600620","18625142.382554412"
"860","self.com","2600270","21439373.473976023"
"861","carfax.com","2596909","141604275.91662806"
"862","nhk.or.jp","2594093","141501121.72109768"
"863","nasdaq.com","2593886","203100720.09745628"
"864","wordwall.net","2593164","20674992.18261191"
"865","welt.de","2587216","25379228.639573358"
"866","meinestadt.de","2583354","13830361.069743544"
"867","ucla.edu","2581638","33159682.71787645"
"868","bigl.ua","2580713","2807709.698475674"
"869","postmates.com","2578924","26553623.86100513"
"870","thriftbooks.com","2578833","19390450.991743013"
"871","t.me","2573913","53798939.56002971"
"872","marketscreener.com","2573154","37470381.11117875"
"873","bankrate.com","2560987","266091628.54291862"
"874","aafp.org","2558835","31407620.923936628"
"875","aiscore.com","2554469","88200994.5517991"
"876","pinkvilla.com","2553999","28796810.166532416"
"877","audible.com","2551650","21472051.419741776"
"878","elcinema.com","2547637","34785463.41597158"
"879","ihg.com","2545507","113571116.45509373"
"880","weblio.jp","2542725","247848965.58773583"
"881","worldatlas.com","2541358","62558013.957004465"
"882","okdiario.com","2540154","24464577.46093467"
"883","threads.net","2539238","18143351.850079708"
"884","oregon.gov","2538607","25022457.75198906"
"885","trendyol.com","2537134","139034549.95926273"
"886","cedars-sinai.org","2526645","48467250.86031152"
"887","ozon.ru","2525842","2773230.9155017193"
"888","yellowpages.ca","2523353","37488968.54252334"
"889","scielo.br","2517062","18212691.748747252"
"890","free.fr","2512587","23501179.940094113"
"891","freecodecamp.org","2511496","35121672.28606987"
"892","hubpages.com","2510173","10244442.139495209"
"893","doubtnut.com","2510028","22607470.292488635"
"894","radiopaedia.org","2495761","54514917.77644344"
"895","hse.ie","2494764","17966547.04261221"
"896","twinkl.co.uk","2492680","32500188.110422738"
"897","coursera.org","2490192","107450615.02278142"
"898","songtexte.com","2490175","16832875.190380022"
"899","ukr.net","2488531","40581862.25757334"
"900","meteoblue.com","2487447","43270075.381958365"
"901","getyourguide.com","2487009","20927715.57548072"
"902","allegro.pl","2485943","132910896.12691668"
"903","translated.net","2485165","38164078.261627704"
"904","libguides.com","2483360","33883523.97490138"
"905","ohio.gov","2466231","34021834.527978316"
"906","gq.com","2466030","24981779.854850136"
"907","my-best.com","2459374","99349450.064783"
"908","mawdoo3.com","2457439","62755628.802623495"
"909","cvent.com","2454987","15555227.350681175"
"910","teenvogue.com","2453377","39758998.779491134"
"911","denofgeek.com","2451062","12601867.216611646"
"912","whosampled.com","2450238","8117796.81753709"
"913","cargurus.com","2446207","48296146.58204935"
"914","openedition.org","2445480","8275701.67012213"
"915","hotelscombined.com","2441577","13581612.841240225"
"916","hellomagazine.com","2440038","28583947.195852384"
"917","diy.com","2439888","70515120.02880965"
"918","hbr.org","2439432","49705427.04079236"
"919","faz.net","2433886","31490345.9189162"
"920","tr-ex.me","2432453","16207158.260104226"
"921","leverageedu.com","2431717","81110175.00294778"
"922","allure.com","2430205","133175633.07853673"
"923","asahi.com","2425922","65587762.4481413"
"924","biblestudytools.com","2425087","118033497.25245425"
"925","ebay.it","2424693","20861802.987671345"
"926","whattoexpect.com","2424101","51444831.02579899"
"927","dcinside.com","2423220","43105665.1785143"
"928","vaia.com","2422805","8416951.165759452"
"929","infinitylearn.com","2421279","45511349.20005916"
"930","socratic.org","2420798","34111633.38922365"
"931","ncsu.edu","2420673","52353406.785873696"
"932","resetera.com","2416024","7429009.652643777"
"933","societe.com","2415981","13400614.379779713"
"934","tradingview.com","2415706","184688053.6801904"
"935","ludwig.guru","2415695","15929031.994699098"
"936","tripsavvy.com","2414768","25745558.906325888"
"937","grammarly.com","2411560","198418060.03880996"
"938","dbpedia.org","2410735","15609725.85222677"
"939","streetdirectory.com","2408934","26006636.58179604"
"940","heb.com","2407554","47572121.19730801"
"941","linguee.fr","2404620","92107997.4659855"
"942","yardbarker.com","2403784","39131354.18344579"
"943","cuemath.com","2398374","359781519.5441611"
"944","collegedunia.com","2396593","73051258.35989797"
"945","pcgamesn.com","2396059","31936205.76971826"
"946","beebom.com","2395339","22689558.10821692"
"947","pinterest.ca","2392297","87149981.55162942"
"948","tesco.com","2388318","104061618.33268544"
"949","cnnindonesia.com","2388296","129211814.8531878"
"950","merckmanuals.com","2383248","35771064.23230135"
"951","ucsd.edu","2380698","20185870.781622756"
"952","minitool.com","2377881","22607914.487777162"
"953","usgs.gov","2377580","71791346.85424632"
"954","emedicinehealth.com","2377018","18848611.015043996"
"955","niche.com","2372184","61856993.578512475"
"956","tsn.ua","2367367","35345329.36421409"
"957","bookmyshow.com","2366938","216988277.1652602"
"958","indiewire.com","2364196","19031421.73432772"
"959","tripadvisor.it","2363504","175727976.52776134"
"960","jalan.net","2362553","181291793.63197333"
"961","purewow.com","2357661","18525479.671191495"
"962","dotesports.com","2355565","10603277.608453512"
"963","autoblog.com","2355486","29384056.469393447"
"964","argos.co.uk","2355026","70447833.45503895"
"965","vanityfair.com","2350901","24724883.479283825"
"966","francebleu.fr","2349936","20510458.77101685"
"967","unesco.org","2347032","62905541.120075025"
"968","ricksteves.com","2346261","26915421.952224188"
"969","biblegateway.com","2345193","149366035.7376426"
"970","voanews.com","2345059","17579629.95895195"
"971","tamu.edu","2342782","29714995.350083"
"972","bhaskar.com","2342380","160836346.97837502"
"973","aliexpress.ru","2338556","4317056.730905402"
"974","bu.edu","2333923","24964604.03935832"
"975","etonline.com","2332559","24324360.10299956"
"976","linternaute.fr","2331103","64446606.80425948"
"977","epicurious.com","2330969","36471825.52367987"
"978","apartmenttherapy.com","2328687","26768657.639828876"
"979","sueddeutsche.de","2324847","17505212.354443952"
"980","gouv.qc.ca","2323111","43106606.550318405"
"981","elsevier.es","2321182","29117887.17235781"
"982","complex.com","2320190","13305187.088573242"
"983","peakpx.com","2318520","43429806.03623107"
"984","pappers.fr","2318303","16611952.505835997"
"985","komoot.com","2316430","15805595.033122804"
"986","tripadvisor.es","2314691","159863004.43065166"
"987","maryenckrealestate.com","2313004","2980986.16872349"
"988","instyle.com","2312267","49199830.966955036"
"989","acehardware.com","2311381","50950871.603706196"
"990","meesho.com","2311047","93421223.28167976"
"991","argentina.gob.ar","2306566","107055421.30016094"
"992","bible.com","2302944","57769020.86698087"
"993","motor1.com","2302788","27628221.09593702"
"994","thetimes.co.uk","2295150","23243972.148646142"
"995","soccerway.com","2294566","69013198.54934782"
"996","pxfuel.com","2293618","11041950.500751765"
"997","holidify.com","2293271","178835664.3756878"
"998","theglobeandmail.com","2291298","33503913.954350647"
"999","thrillist.com","2289313","19542892.92181994"
"1000","indiatvnews.com","2287159","111617475.06649175"
